{
   "startU": [
      0,
      0.25,
      0,
      0.25,
      0.5,
      0.5
   ],
   "endU": [
      0.25,
      0.5,
      0.25,
      0.5,
      0.75,
      0.75
   ],
   "startV": [
      0.5,
      0.5,
      0,
      0,
      0.5,
      0
   ],
   "endV": [
      1,
      1,
      0.5,
      0.5,
      1,
      0.5
   ],
   "repeat": [
      [
         23.525265652859435,
         23.525265652859435
      ],
      [
         21.773280612509602,
         21.773280612509602
      ],
      [
         256,
         256
      ],
      [
         256,
         256
      ],
      [
         256,
         256
      ],
      [
         256,
         256
      ]
   ]
}